{
  "type" : "FeatureCollection",
  "crs" : {
    "type" : "name",
    "properties" : {
      "name" : "EPSG:4326"
    }
  },
  "features" : [
    {
      "type" : "Feature",
      "id" : 0,
      "geometry" : {
        "type" : "Point",
        "coordinates" : [
          117.36417154503032,
          31.887364138109618
        ]
      },
      "properties" : {
        "FID" : 0,
        "Name" : " YS_MA600_Junction01_01",
        "Level" : 1,
        "BottomElev" : 28.277999999999999
      }
    },
    {
      "type" : "Feature",
      "id" : 1,
      "geometry" : {
        "type" : "Point",
        "coordinates" : [
          117.36410277036397,
          31.887321886069412
        ]
      },
      "properties" : {
        "FID" : 1,
        "Name" : " YS_MA600_Junction01_02",
        "Level" : 1,
        "BottomElev" : 27.166
      }
    },
    {
      "type" : "Feature",
      "id" : 2,
      "geometry" : {
        "type" : "Point",
        "coordinates" : [
          117.3642110401158,
          31.887255652288349
        ]
      },
      "properties" : {
        "FID" : 2,
        "Name" : " YS_MA600_Junction01_03",
        "Level" : 1,
        "BottomElev" : 27.096
      }
    },
    {
      "type" : "Feature",
      "id" : 3,
      "geometry" : {
        "type" : "Point",
        "coordinates" : [
          117.3645783582738,
          31.886957257653133
        ]
      },
      "properties" : {
        "FID" : 3,
        "Name" : " YS_MA600_Junction01_04",
        "Level" : 1,
        "BottomElev" : 26.722999999999999
      }
    },
    {
      "type" : "Feature",
      "id" : 4,
      "geometry" : {
        "type" : "Point",
        "coordinates" : [
          117.36524189959081,
          31.886972000672483
        ]
      },
      "properties" : {
        "FID" : 4,
        "Name" : " YS_MA600_Junction01_05",
        "Level" : 1,
        "BottomElev" : 25.852
      }
    },
    {
      "type" : "Feature",
      "id" : 5,
      "geometry" : {
        "type" : "Point",
        "coordinates" : [
          117.36554756386059,
          31.88699562475027
        ]
      },
      "properties" : {
        "FID" : 5,
        "Name" : " YS_MA600_Junction01_06",
        "Level" : 1,
        "BottomElev" : 25.756
      }
    },
    {
      "type" : "Feature",
      "id" : 6,
      "geometry" : {
        "type" : "Point",
        "coordinates" : [
          117.36597663814501,
          31.887088135213247
        ]
      },
      "properties" : {
        "FID" : 6,
        "Name" : " YS_MA600_Junction01_07",
        "Level" : 1,
        "BottomElev" : 25.997
      }
    },
    {
      "type" : "Feature",
      "id" : 7,
      "geometry" : {
        "type" : "Point",
        "coordinates" : [
          117.36639507126065,
          31.887173072484032
        ]
      },
      "properties" : {
        "FID" : 7,
        "Name" : " YS_MA600_Junction01_08",
        "Level" : 1,
        "BottomElev" : 26.026
      }
    },
    {
      "type" : "Feature",
      "id" : 8,
      "geometry" : {
        "type" : "Point",
        "coordinates" : [
          117.36701247466488,
          31.887224445217374
        ]
      },
      "properties" : {
        "FID" : 8,
        "Name" : " YS_MA600_Junction01_09",
        "Level" : 1,
        "BottomElev" : 26.186
      }
    },
    {
      "type" : "Feature",
      "id" : 9,
      "geometry" : {
        "type" : "Point",
        "coordinates" : [
          117.367440632404,
          31.887258523942638
        ]
      },
      "properties" : {
        "FID" : 9,
        "Name" : " YS_MA600_Junction01_10",
        "Level" : 1,
        "BottomElev" : 26.251000000000001
      }
    },
    {
      "type" : "Feature",
      "id" : 10,
      "geometry" : {
        "type" : "Point",
        "coordinates" : [
          117.36746495474767,
          31.887200294757985
        ]
      },
      "properties" : {
        "FID" : 10,
        "Name" : " YS_MA750_Junction02_01",
        "Level" : 1,
        "BottomElev" : 26.062999999999999
      }
    },
    {
      "type" : "Feature",
      "id" : 11,
      "geometry" : {
        "type" : "Point",
        "coordinates" : [
          117.36729982457797,
          31.887181941818994
        ]
      },
      "properties" : {
        "FID" : 11,
        "Name" : " YS_BR750_Junction01_03",
        "Level" : 1,
        "BottomElev" : 26.167999999999999
      }
    },
    {
      "type" : "Feature",
      "id" : 12,
      "geometry" : {
        "type" : "Point",
        "coordinates" : [
          117.3671996635113,
          31.88703224818245
        ]
      },
      "properties" : {
        "FID" : 12,
        "Name" : " YS_BR750_Junction01_01",
        "Level" : 1,
        "BottomElev" : 26.364000000000001
      }
    },
    {
      "type" : "Feature",
      "id" : 13,
      "geometry" : {
        "type" : "Point",
        "coordinates" : [
          117.36722205800012,
          31.887066173386472
        ]
      },
      "properties" : {
        "FID" : 13,
        "Name" : " YS_BR750_Junction01_02",
        "Level" : 1,
        "BottomElev" : 26.367999999999999
      }
    },
    {
      "type" : "Feature",
      "id" : 14,
      "geometry" : {
        "type" : "Point",
        "coordinates" : [
          117.36786493050015,
          31.887217652462425
        ]
      },
      "properties" : {
        "FID" : 14,
        "Name" : " YS_MA1000_Junction03_01",
        "Level" : 1,
        "BottomElev" : 25.943000000000001
      }
    },
    {
      "type" : "Feature",
      "id" : 15,
      "geometry" : {
        "type" : "Point",
        "coordinates" : [
          117.36830521098712,
          31.887227569298368
        ]
      },
      "properties" : {
        "FID" : 15,
        "Name" : " YS_MA1000_Junction03_02",
        "Level" : 1,
        "BottomElev" : 25.972999999999999
      }
    },
    {
      "type" : "Feature",
      "id" : 16,
      "geometry" : {
        "type" : "Point",
        "coordinates" : [
          117.36874543748277,
          31.887237178144048
        ]
      },
      "properties" : {
        "FID" : 16,
        "Name" : " YS_MA1000_Junction03_03",
        "Level" : 1,
        "BottomElev" : 24.475999999999999
      }
    },
    {
      "type" : "Feature",
      "id" : 17,
      "geometry" : {
        "type" : "Point",
        "coordinates" : [
          117.36918630032437,
          31.887236710200202
        ]
      },
      "properties" : {
        "FID" : 17,
        "Name" : "YS_MA1000_Junction03_04",
        "Level" : 1,
        "BottomElev" : 24.350000000000001
      }
    },
    {
      "type" : "Feature",
      "id" : 18,
      "geometry" : {
        "type" : "Point",
        "coordinates" : [
          117.369750159166,
          31.88724310667688
        ]
      },
      "properties" : {
        "FID" : 18,
        "Name" : "YS_MA1000_Junction03_05",
        "Level" : 1,
        "BottomElev" : 24.053999999999998
      }
    },
    {
      "type" : "Feature",
      "id" : 19,
      "geometry" : {
        "type" : "Point",
        "coordinates" : [
          117.36996427544352,
          31.887249554040089
        ]
      },
      "properties" : {
        "FID" : 19,
        "Name" : "YS_MA1000_Junction03_06",
        "Level" : 1,
        "BottomElev" : 23.954999999999998
      }
    },
    {
      "type" : "Feature",
      "id" : 20,
      "geometry" : {
        "type" : "Point",
        "coordinates" : [
          117.37027562588987,
          31.887251443195503
        ]
      },
      "properties" : {
        "FID" : 20,
        "Name" : "YS_MA1000_Junction03_07",
        "Level" : 1,
        "BottomElev" : 23.545000000000002
      }
    },
    {
      "type" : "Feature",
      "id" : 21,
      "geometry" : {
        "type" : "Point",
        "coordinates" : [
          117.37058948832617,
          31.887265625195393
        ]
      },
      "properties" : {
        "FID" : 21,
        "Name" : "YS_MA1200_Junction04_01",
        "Level" : 1,
        "BottomElev" : 23.702999999999999
      }
    },
    {
      "type" : "Feature",
      "id" : 22,
      "geometry" : {
        "type" : "Point",
        "coordinates" : [
          117.37058678729458,
          31.8873222588321
        ]
      },
      "properties" : {
        "FID" : 22,
        "Name" : " YS_BR300_Junction07_01",
        "Level" : 1,
        "BottomElev" : 26.074000000000002
      }
    },
    {
      "type" : "Feature",
      "id" : 23,
      "geometry" : {
        "type" : "Point",
        "coordinates" : [
          117.3708360296994,
          31.887273951561319
        ]
      },
      "properties" : {
        "FID" : 23,
        "Name" : "YS_MA1200_Junction04_02",
        "Level" : 1,
        "BottomElev" : 23.655999999999999
      }
    },
    {
      "type" : "Feature",
      "id" : 24,
      "geometry" : {
        "type" : "Point",
        "coordinates" : [
          117.37123334702378,
          31.887287103900285
        ]
      },
      "properties" : {
        "FID" : 24,
        "Name" : "YS_MA1200_Junction04_03",
        "Level" : 1,
        "BottomElev" : 23.148
      }
    },
    {
      "type" : "Feature",
      "id" : 25,
      "geometry" : {
        "type" : "Point",
        "coordinates" : [
          117.37159971092291,
          31.887298947650379
        ]
      },
      "properties" : {
        "FID" : 25,
        "Name" : "YS_MA1200_Junction04_04",
        "Level" : 1,
        "BottomElev" : 22.890000000000001
      }
    },
    {
      "type" : "Feature",
      "id" : 26,
      "geometry" : {
        "type" : "Point",
        "coordinates" : [
          117.37159387209549,
          31.887205742790869
        ]
      },
      "properties" : {
        "FID" : 26,
        "Name" : " YS_BR500_Junction08_01",
        "Level" : 2,
        "BottomElev" : 23.623000000000001
      }
    },
    {
      "type" : "Feature",
      "id" : 27,
      "geometry" : {
        "type" : "Point",
        "coordinates" : [
          117.37194606280876,
          31.887304653343083
        ]
      },
      "properties" : {
        "FID" : 27,
        "Name" : "YS_MA1200_Junction04_05",
        "Level" : 1,
        "BottomElev" : 22.326000000000001
      }
    },
    {
      "type" : "Feature",
      "id" : 28,
      "geometry" : {
        "type" : "Point",
        "coordinates" : [
          117.37193670131605,
          31.887350186957093
        ]
      },
      "properties" : {
        "FID" : 28,
        "Name" : "YS_BR500_Junction09_01",
        "Level" : 1,
        "BottomElev" : 22.914999999999999
      }
    },
    {
      "type" : "Feature",
      "id" : 29,
      "geometry" : {
        "type" : "Point",
        "coordinates" : [
          117.3724922822632,
          31.887327060630778
        ]
      },
      "properties" : {
        "FID" : 29,
        "Name" : "YS_MA1200_Junction04_06",
        "Level" : 1,
        "BottomElev" : 21.873999999999999
      }
    },
    {
      "type" : "Feature",
      "id" : 30,
      "geometry" : {
        "type" : "Point",
        "coordinates" : [
          117.37290485983915,
          31.887339486655545
        ]
      },
      "properties" : {
        "FID" : 30,
        "Name" : "YS_MA1200_Junction04_07",
        "Level" : 1,
        "BottomElev" : 21.143999999999998
      }
    },
    {
      "type" : "Feature",
      "id" : 31,
      "geometry" : {
        "type" : "Point",
        "coordinates" : [
          117.37332462568872,
          31.887354712950991
        ]
      },
      "properties" : {
        "FID" : 31,
        "Name" : "YS_MA1200_Junction04_08",
        "Level" : 1,
        "BottomElev" : 20.757999999999999
      }
    },
    {
      "type" : "Feature",
      "id" : 32,
      "geometry" : {
        "type" : "Point",
        "coordinates" : [
          117.37367539393973,
          31.887372990473242
        ]
      },
      "properties" : {
        "FID" : 32,
        "Name" : "YS_MA1200_Junction04_09",
        "Level" : 1,
        "BottomElev" : 20.055
      }
    },
    {
      "type" : "Feature",
      "id" : 33,
      "geometry" : {
        "type" : "Point",
        "coordinates" : [
          117.37393789008023,
          31.887379802959291
        ]
      },
      "properties" : {
        "FID" : 33,
        "Name" : "YS_MA1800_Junction05_08",
        "Level" : 1,
        "BottomElev" : 19.259
      }
    },
    {
      "type" : "Feature",
      "id" : 34,
      "geometry" : {
        "type" : "Point",
        "coordinates" : [
          117.37376292183816,
          31.888783425783679
        ]
      },
      "properties" : {
        "FID" : 34,
        "Name" : " YS_BR500_Junction12_01",
        "Level" : 1,
        "BottomElev" : 20.891999999999999
      }
    },
    {
      "type" : "Feature",
      "id" : 35,
      "geometry" : {
        "type" : "Point",
        "coordinates" : [
          117.37388727354106,
          31.888769460537493
        ]
      },
      "properties" : {
        "FID" : 35,
        "Name" : " YS_BR500_Junction13_02",
        "Level" : 1,
        "BottomElev" : 20.774999999999999
      }
    },
    {
      "type" : "Feature",
      "id" : 36,
      "geometry" : {
        "type" : "Point",
        "coordinates" : [
          117.37396272698236,
          31.888775993274038
        ]
      },
      "properties" : {
        "FID" : 36,
        "Name" : " YS_BR300_Junction14_01",
        "Level" : 2,
        "BottomElev" : 20.841999999999999
      }
    },
    {
      "type" : "Feature",
      "id" : 37,
      "geometry" : {
        "type" : "Point",
        "coordinates" : [
          117.37389398300286,
          31.888559576554353
        ]
      },
      "properties" : {
        "FID" : 37,
        "Name" : "YS_MA800_Junction06_01",
        "Level" : 1,
        "BottomElev" : 20.640999999999998
      }
    },
    {
      "type" : "Feature",
      "id" : 38,
      "geometry" : {
        "type" : "Point",
        "coordinates" : [
          117.37390663195912,
          31.888341657848105
        ]
      },
      "properties" : {
        "FID" : 38,
        "Name" : "YS_MA1000_Junction07_01",
        "Level" : 1,
        "BottomElev" : 20.486000000000001
      }
    },
    {
      "type" : "Feature",
      "id" : 39,
      "geometry" : {
        "type" : "Point",
        "coordinates" : [
          117.36929782358142,
          31.887310062268682
        ]
      },
      "properties" : {
        "FID" : 39,
        "Name" : " YS_BR400_Junction03_01",
        "Level" : 1,
        "BottomElev" : 27.064
      }
    },
    {
      "type" : "Feature",
      "id" : 40,
      "geometry" : {
        "type" : "Point",
        "coordinates" : [
          117.36975616942225,
          31.887284447016285
        ]
      },
      "properties" : {
        "FID" : 40,
        "Name" : "YS_BR300_Junction04_02",
        "Level" : 1,
        "BottomElev" : 26.439
      }
    },
    {
      "type" : "Feature",
      "id" : 41,
      "geometry" : {
        "type" : "Point",
        "coordinates" : [
          117.36964041243,
          31.887290510270425
        ]
      },
      "properties" : {
        "FID" : 41,
        "Name" : "YS_BR300_Junction04_01",
        "Level" : 2,
        "BottomElev" : 26.638000000000002
      }
    },
    {
      "type" : "Feature",
      "id" : 42,
      "geometry" : {
        "type" : "Point",
        "coordinates" : [
          117.36975326513034,
          31.8871474858623
        ]
      },
      "properties" : {
        "FID" : 42,
        "Name" : " YS_BR500_Junction05_01",
        "Level" : 1,
        "BottomElev" : 25.806000000000001
      }
    },
    {
      "type" : "Feature",
      "id" : 43,
      "geometry" : {
        "type" : "Point",
        "coordinates" : [
          117.3702796940625,
          31.887298696137496
        ]
      },
      "properties" : {
        "FID" : 43,
        "Name" : " YS_BR500_Junction06_01",
        "Level" : 1,
        "BottomElev" : 24.934999999999999
      }
    },
    {
      "type" : "Feature",
      "id" : 44,
      "geometry" : {
        "type" : "Point",
        "coordinates" : [
          117.37027973111323,
          31.887170591398686
        ]
      },
      "properties" : {
        "FID" : 44,
        "Name" : "YS_BR500_Junction07_01",
        "Level" : 1,
        "BottomElev" : 24.974
      }
    },
    {
      "type" : "Feature",
      "id" : 45,
      "geometry" : {
        "type" : "Point",
        "coordinates" : [
          117.37251290776622,
          31.887236123021271
        ]
      },
      "properties" : {
        "FID" : 45,
        "Name" : " YS_BR500_Junction10_01",
        "Level" : 1,
        "BottomElev" : 22.390000000000001
      }
    },
    {
      "type" : "Feature",
      "id" : 46,
      "geometry" : {
        "type" : "Point",
        "coordinates" : [
          117.37388549027472,
          31.888893169440539
        ]
      },
      "properties" : {
        "FID" : 46,
        "Name" : " YS_BR500_Junction13_01",
        "Level" : 1,
        "BottomElev" : 21.038
      }
    },
    {
      "type" : "Feature",
      "id" : 47,
      "geometry" : {
        "type" : "Point",
        "coordinates" : [
          117.37397227896498,
          31.888552880136011
        ]
      },
      "properties" : {
        "FID" : 47,
        "Name" : " YS_BR500_Junction15_01",
        "Level" : 1,
        "BottomElev" : 20.875
      }
    },
    {
      "type" : "Feature",
      "id" : 48,
      "geometry" : {
        "type" : "Point",
        "coordinates" : [
          117.37379752055011,
          31.88834726344896
        ]
      },
      "properties" : {
        "FID" : 48,
        "Name" : " YS_BR500_Junction16_03",
        "Level" : 1,
        "BottomElev" : 20.812000000000001
      }
    },
    {
      "type" : "Feature",
      "id" : 49,
      "geometry" : {
        "type" : "Point",
        "coordinates" : [
          117.37370526158158,
          31.888343404336105
        ]
      },
      "properties" : {
        "FID" : 49,
        "Name" : " YS_BR500_Junction16_02",
        "Level" : 1,
        "BottomElev" : 21.251999999999999
      }
    },
    {
      "type" : "Feature",
      "id" : 50,
      "geometry" : {
        "type" : "Point",
        "coordinates" : [
          117.37368569552942,
          31.888280288843085
        ]
      },
      "properties" : {
        "FID" : 50,
        "Name" : " YS_BR300_Junction17_01",
        "Level" : 1,
        "BottomElev" : 22.105
      }
    },
    {
      "type" : "Feature",
      "id" : 51,
      "geometry" : {
        "type" : "Point",
        "coordinates" : [
          117.37391113645067,
          31.888077878108998
        ]
      },
      "properties" : {
        "FID" : 51,
        "Name" : "YS_MA1000_Junction07_02",
        "Level" : 1,
        "BottomElev" : 20.387
      }
    },
    {
      "type" : "Feature",
      "id" : 52,
      "geometry" : {
        "type" : "Point",
        "coordinates" : [
          117.37380073207412,
          31.888074703715038
        ]
      },
      "properties" : {
        "FID" : 52,
        "Name" : " YS_BR500_Junction17_02",
        "Level" : 1,
        "BottomElev" : 20.420999999999999
      }
    },
    {
      "type" : "Feature",
      "id" : 53,
      "geometry" : {
        "type" : "Point",
        "coordinates" : [
          117.37371174882749,
          31.88807054638821
        ]
      },
      "properties" : {
        "FID" : 53,
        "Name" : " YS_BR500_Junction17_01",
        "Level" : 1,
        "BottomElev" : 20.895
      }
    },
    {
      "type" : "Feature",
      "id" : 54,
      "geometry" : {
        "type" : "Point",
        "coordinates" : [
          117.37372692892166,
          31.887725516671356
        ]
      },
      "properties" : {
        "FID" : 54,
        "Name" : " YS_BR500_Junction18_01",
        "Level" : 1,
        "BottomElev" : 21.058
      }
    },
    {
      "type" : "Feature",
      "id" : 55,
      "geometry" : {
        "type" : "Point",
        "coordinates" : [
          117.37380904566663,
          31.887725482646598
        ]
      },
      "properties" : {
        "FID" : 55,
        "Name" : " YS_BR500_Junction18_02",
        "Level" : 1,
        "BottomElev" : 20.463999999999999
      }
    },
    {
      "type" : "Feature",
      "id" : 56,
      "geometry" : {
        "type" : "Point",
        "coordinates" : [
          117.37392286331692,
          31.887718104631855
        ]
      },
      "properties" : {
        "FID" : 56,
        "Name" : "YS_MA1800_Junction05_06",
        "Level" : 1,
        "BottomElev" : 20.166
      }
    },
    {
      "type" : "Feature",
      "id" : 57,
      "geometry" : {
        "type" : "Point",
        "coordinates" : [
          117.3740170434956,
          31.887734574504201
        ]
      },
      "properties" : {
        "FID" : 57,
        "Name" : " YS_BR600_Junction19_01",
        "Level" : 1,
        "BottomElev" : 20.265999999999998
      }
    },
    {
      "type" : "Feature",
      "id" : 58,
      "geometry" : {
        "type" : "Point",
        "coordinates" : [
          117.3739309198405,
          31.887509416081166
        ]
      },
      "properties" : {
        "FID" : 58,
        "Name" : "YS_MA1800_Junction05_07",
        "Level" : 1,
        "BottomElev" : 19.626000000000001
      }
    },
    {
      "type" : "Feature",
      "id" : 59,
      "geometry" : {
        "type" : "Point",
        "coordinates" : [
          117.37381920868343,
          31.887501799533933
        ]
      },
      "properties" : {
        "FID" : 59,
        "Name" : " YS_BR500_Junction11_02",
        "Level" : 1,
        "BottomElev" : 19.949000000000002
      }
    },
    {
      "type" : "Feature",
      "id" : 60,
      "geometry" : {
        "type" : "Point",
        "coordinates" : [
          117.37373418798519,
          31.887505079662851
        ]
      },
      "properties" : {
        "FID" : 60,
        "Name" : " YS_BR500_Junction11_01",
        "Level" : 1,
        "BottomElev" : 20.974
      }
    },
    {
      "type" : "Feature",
      "id" : 61,
      "geometry" : {
        "type" : "Point",
        "coordinates" : [
          117.37394276494571,
          31.887223402701014
        ]
      },
      "properties" : {
        "FID" : 61,
        "Name" : "YS_MA1800_Junction05_09",
        "Level" : 1,
        "BottomElev" : 19.193000000000001
      }
    },
    {
      "type" : "Feature",
      "id" : 62,
      "geometry" : {
        "type" : "Point",
        "coordinates" : [
          117.37405407156724,
          31.887209466652873
        ]
      },
      "properties" : {
        "FID" : 62,
        "Name" : " YS_BR400_Junction20_01",
        "Level" : 1,
        "BottomElev" : 20.632000000000001
      }
    },
    {
      "type" : "Feature",
      "id" : 63,
      "geometry" : {
        "type" : "Point",
        "coordinates" : [
          117.37395815068443,
          31.886887652116741
        ]
      },
      "properties" : {
        "FID" : 63,
        "Name" : "YS_MA1800_Junction05_10",
        "Level" : 1,
        "BottomElev" : 19.082999999999998
      }
    },
    {
      "type" : "Feature",
      "id" : 64,
      "geometry" : {
        "type" : "Point",
        "coordinates" : [
          117.37375561520712,
          31.886848756725868
        ]
      },
      "properties" : {
        "FID" : 64,
        "Name" : " YS_BR400_Junction21_01",
        "Level" : 1,
        "BottomElev" : 22.113
      }
    },
    {
      "type" : "Feature",
      "id" : 65,
      "geometry" : {
        "type" : "Point",
        "coordinates" : [
          117.37376547953663,
          31.886579892898308
        ]
      },
      "properties" : {
        "FID" : 65,
        "Name" : " YS_BR500_Junction22_01",
        "Level" : 1,
        "BottomElev" : 22.030000000000001
      }
    },
    {
      "type" : "Feature",
      "id" : 66,
      "geometry" : {
        "type" : "Point",
        "coordinates" : [
          117.37378280450453,
          31.886577587389255
        ]
      },
      "properties" : {
        "FID" : 66,
        "Name" : " YS_BR500_Junction22_02",
        "Level" : 1,
        "BottomElev" : 20.716000000000001
      }
    },
    {
      "type" : "Feature",
      "id" : 67,
      "geometry" : {
        "type" : "Point",
        "coordinates" : [
          117.37385385017939,
          31.886581896628662
        ]
      },
      "properties" : {
        "FID" : 67,
        "Name" : " YS_BR500_Junction22_03",
        "Level" : 1,
        "BottomElev" : 19.981000000000002
      }
    },
    {
      "type" : "Feature",
      "id" : 68,
      "geometry" : {
        "type" : "Point",
        "coordinates" : [
          117.37396027159946,
          31.886565035073325
        ]
      },
      "properties" : {
        "FID" : 68,
        "Name" : "YS_MA1800_Junction05_11",
        "Level" : 1,
        "BottomElev" : 19.056999999999999
      }
    },
    {
      "type" : "Feature",
      "id" : 69,
      "geometry" : {
        "type" : "Point",
        "coordinates" : [
          117.37406658313867,
          31.886500079282662
        ]
      },
      "properties" : {
        "FID" : 69,
        "Name" : " YS_BR500_Junction23_01",
        "Level" : 2,
        "BottomElev" : 20.265999999999998
      }
    },
    {
      "type" : "Feature",
      "id" : 70,
      "geometry" : {
        "type" : "Point",
        "coordinates" : [
          117.37396268539378,
          31.886500610421802
        ]
      },
      "properties" : {
        "FID" : 70,
        "Name" : "YS_MA1800_Junction05_12",
        "Level" : 1,
        "BottomElev" : 18.859999999999999
      }
    },
    {
      "type" : "Feature",
      "id" : 71,
      "geometry" : {
        "type" : "Point",
        "coordinates" : [
          117.37378971879106,
          31.886318940912609
        ]
      },
      "properties" : {
        "FID" : 71,
        "Name" : " YS_BR600_Junction24_01",
        "Level" : 1,
        "BottomElev" : 21.039999999999999
      }
    },
    {
      "type" : "Feature",
      "id" : 72,
      "geometry" : {
        "type" : "Point",
        "coordinates" : [
          117.3738569252337,
          31.886322693288637
        ]
      },
      "properties" : {
        "FID" : 72,
        "Name" : " YS_BR600_Junction24_02",
        "Level" : 1,
        "BottomElev" : 20.349
      }
    },
    {
      "type" : "Feature",
      "id" : 73,
      "geometry" : {
        "type" : "Point",
        "coordinates" : [
          117.3739717537203,
          31.886306943302735
        ]
      },
      "properties" : {
        "FID" : 73,
        "Name" : "YS_MA1800_Junction05_13",
        "Level" : 1,
        "BottomElev" : 18.823
      }
    },
    {
      "type" : "Feature",
      "id" : 74,
      "geometry" : {
        "type" : "Point",
        "coordinates" : [
          117.373980370222,
          31.886025015625684
        ]
      },
      "properties" : {
        "FID" : 74,
        "Name" : "YS_MA1800_Junction05_14",
        "Level" : 1,
        "BottomElev" : 18.914000000000001
      }
    },
    {
      "type" : "Feature",
      "id" : 75,
      "geometry" : {
        "type" : "Point",
        "coordinates" : [
          117.3739931416075,
          31.88574597057967
        ]
      },
      "properties" : {
        "FID" : 75,
        "Name" : "YS_MA1800_Junction05_15",
        "Level" : 1,
        "BottomElev" : 18.829999999999998
      }
    },
    {
      "type" : "Feature",
      "id" : 76,
      "geometry" : {
        "type" : "Point",
        "coordinates" : [
          117.37399669644751,
          31.885490508378211
        ]
      },
      "properties" : {
        "FID" : 76,
        "Name" : "YS_MA1800_Junction05_16",
        "Level" : 1,
        "BottomElev" : 18.931999999999999
      }
    },
    {
      "type" : "Feature",
      "id" : 77,
      "geometry" : {
        "type" : "Point",
        "coordinates" : [
          117.37389164316865,
          31.885495137151896
        ]
      },
      "properties" : {
        "FID" : 77,
        "Name" : " YS_BR500_Junction25_03",
        "Level" : 1,
        "BottomElev" : 20.754999999999999
      }
    },
    {
      "type" : "Feature",
      "id" : 78,
      "geometry" : {
        "type" : "Point",
        "coordinates" : [
          117.37381667013479,
          31.885494356606106
        ]
      },
      "properties" : {
        "FID" : 78,
        "Name" : " YS_BR500_Junction25_02",
        "Level" : 1,
        "BottomElev" : 21.271000000000001
      }
    },
    {
      "type" : "Feature",
      "id" : 79,
      "geometry" : {
        "type" : "Point",
        "coordinates" : [
          117.37378159414976,
          31.885456186170291
        ]
      },
      "properties" : {
        "FID" : 79,
        "Name" : " YS_BR400_Junction26_01",
        "Level" : 1,
        "BottomElev" : 22.030999999999999
      }
    },
    {
      "type" : "Feature",
      "id" : 80,
      "geometry" : {
        "type" : "Point",
        "coordinates" : [
          117.37409797511542,
          31.885485565967542
        ]
      },
      "properties" : {
        "FID" : 80,
        "Name" : " YS_BR600_Junction27_01",
        "Level" : 2,
        "BottomElev" : 20.373000000000001
      }
    },
    {
      "type" : "Feature",
      "id" : 81,
      "geometry" : {
        "type" : "Point",
        "coordinates" : [
          117.37399840140274,
          31.88526115050691
        ]
      },
      "properties" : {
        "FID" : 81,
        "Name" : "YS_MA1800_Junction05_17",
        "Level" : 1,
        "BottomElev" : 18.901
      }
    },
    {
      "type" : "Feature",
      "id" : 82,
      "geometry" : {
        "type" : "Point",
        "coordinates" : [
          117.37389898438849,
          31.885269000265851
        ]
      },
      "properties" : {
        "FID" : 82,
        "Name" : " YS_BR500_Junction28_02",
        "Level" : 1,
        "BottomElev" : 20.939
      }
    },
    {
      "type" : "Feature",
      "id" : 83,
      "geometry" : {
        "type" : "Point",
        "coordinates" : [
          117.3738222804366,
          31.885258322743489
        ]
      },
      "properties" : {
        "FID" : 83,
        "Name" : " YS_BR500_Junction28_01",
        "Level" : 1,
        "BottomElev" : 21.379999999999999
      }
    },
    {
      "type" : "Feature",
      "id" : 84,
      "geometry" : {
        "type" : "Point",
        "coordinates" : [
          117.37400437692101,
          31.885071144850546
        ]
      },
      "properties" : {
        "FID" : 84,
        "Name" : "YS_MA1800_Junction05_18",
        "Level" : 1,
        "BottomElev" : 18.789000000000001
      }
    },
    {
      "type" : "Feature",
      "id" : 85,
      "geometry" : {
        "type" : "Point",
        "coordinates" : [
          117.37389696166551,
          31.885084889037209
        ]
      },
      "properties" : {
        "FID" : 85,
        "Name" : " YS_BR500_Junction29_02",
        "Level" : 2,
        "BottomElev" : 19.983000000000001
      }
    },
    {
      "type" : "Feature",
      "id" : 86,
      "geometry" : {
        "type" : "Point",
        "coordinates" : [
          117.37383661651577,
          31.88508656354119
        ]
      },
      "properties" : {
        "FID" : 86,
        "Name" : " YS_BR500_Junction29_01",
        "Level" : 2,
        "BottomElev" : 21.350999999999999
      }
    },
    {
      "type" : "Feature",
      "id" : 87,
      "geometry" : {
        "type" : "Point",
        "coordinates" : [
          117.37401305130989,
          31.884772199454488
        ]
      },
      "properties" : {
        "FID" : 87,
        "Name" : "YS_MA1800_Junction05_19",
        "Level" : 1,
        "BottomElev" : 18.629999999999999
      }
    },
    {
      "type" : "Feature",
      "id" : 88,
      "geometry" : {
        "type" : "Point",
        "coordinates" : [
          117.37412735590917,
          31.884797285642662
        ]
      },
      "properties" : {
        "FID" : 88,
        "Name" : " YS_BR400_Junction30_01",
        "Level" : 2,
        "BottomElev" : 20.190999999999999
      }
    },
    {
      "type" : "Feature",
      "id" : 89,
      "geometry" : {
        "type" : "Point",
        "coordinates" : [
          117.37402643020296,
          31.884457845999535
        ]
      },
      "properties" : {
        "FID" : 89,
        "Name" : "YS_MA1800_Junction05_20",
        "Level" : 1,
        "BottomElev" : 18.669
      }
    },
    {
      "type" : "Feature",
      "id" : 90,
      "geometry" : {
        "type" : "Point",
        "coordinates" : [
          117.37392372930123,
          31.884458427684642
        ]
      },
      "properties" : {
        "FID" : 90,
        "Name" : " YS_BR500_Junction31_02",
        "Level" : 4,
        "BottomElev" : 20.515000000000001
      }
    },
    {
      "type" : "Feature",
      "id" : 91,
      "geometry" : {
        "type" : "Point",
        "coordinates" : [
          117.37383949121444,
          31.884471598623342
        ]
      },
      "properties" : {
        "FID" : 91,
        "Name" : " YS_BR500_Junction31_01",
        "Level" : 2,
        "BottomElev" : 21.265000000000001
      }
    },
    {
      "type" : "Feature",
      "id" : 92,
      "geometry" : {
        "type" : "Point",
        "coordinates" : [
          117.37407241942346,
          31.884118280666961
        ]
      },
      "properties" : {
        "FID" : 92,
        "Name" : "YS_MA1800_Junction05_21",
        "Level" : 1,
        "BottomElev" : 18.960999999999999
      }
    },
    {
      "type" : "Feature",
      "id" : 93,
      "geometry" : {
        "type" : "Point",
        "coordinates" : [
          117.36779964262666,
          31.883938794443338
        ]
      },
      "properties" : {
        "FID" : 93,
        "Name" : "YS_MA500_Junction06_01",
        "Level" : 1,
        "BottomElev" : 27.765000000000001
      }
    },
    {
      "type" : "Feature",
      "id" : 94,
      "geometry" : {
        "type" : "Point",
        "coordinates" : [
          117.36806700617474,
          31.883957500136855
        ]
      },
      "properties" : {
        "FID" : 94,
        "Name" : "YS_MA500_Junction06_02",
        "Level" : 1,
        "BottomElev" : 27.622
      }
    },
    {
      "type" : "Feature",
      "id" : 95,
      "geometry" : {
        "type" : "Point",
        "coordinates" : [
          117.36842495706892,
          31.883975455786025
        ]
      },
      "properties" : {
        "FID" : 95,
        "Name" : "YS_MA500_Junction06_03",
        "Level" : 1,
        "BottomElev" : 27.277000000000001
      }
    },
    {
      "type" : "Feature",
      "id" : 96,
      "geometry" : {
        "type" : "Point",
        "coordinates" : [
          117.36880446620167,
          31.884172910911168
        ]
      },
      "properties" : {
        "FID" : 96,
        "Name" : "YS_BR600_Junction32_01",
        "Level" : 1,
        "BottomElev" : 26.940999999999999
      }
    },
    {
      "type" : "Feature",
      "id" : 97,
      "geometry" : {
        "type" : "Point",
        "coordinates" : [
          117.36879915350961,
          31.883850243151606
        ]
      },
      "properties" : {
        "FID" : 97,
        "Name" : "YS_BR600_Junction33_01",
        "Level" : 1,
        "BottomElev" : 26.891999999999999
      }
    },
    {
      "type" : "Feature",
      "id" : 98,
      "geometry" : {
        "type" : "Point",
        "coordinates" : [
          117.36880376334567,
          31.883991221611513
        ]
      },
      "properties" : {
        "FID" : 98,
        "Name" : "YS_MA700_Junction07_01",
        "Level" : 1,
        "BottomElev" : 26.736999999999998
      }
    },
    {
      "type" : "Feature",
      "id" : 99,
      "geometry" : {
        "type" : "Point",
        "coordinates" : [
          117.36917129882174,
          31.88400069722157
        ]
      },
      "properties" : {
        "FID" : 99,
        "Name" : "YS_MA700_Junction07_02",
        "Level" : 1,
        "BottomElev" : 26.344000000000001
      }
    },
    {
      "type" : "Feature",
      "id" : 100,
      "geometry" : {
        "type" : "Point",
        "coordinates" : [
          117.3694346349268,
          31.884011223131328
        ]
      },
      "properties" : {
        "FID" : 100,
        "Name" : "YS_MA700_Junction07_03",
        "Level" : 1,
        "BottomElev" : 25.585999999999999
      }
    },
    {
      "type" : "Feature",
      "id" : 101,
      "geometry" : {
        "type" : "Point",
        "coordinates" : [
          117.36943060037365,
          31.883906045609166
        ]
      },
      "properties" : {
        "FID" : 101,
        "Name" : "YS_BR500_Junction34_04",
        "Level" : 1,
        "BottomElev" : 25.536000000000001
      }
    },
    {
      "type" : "Feature",
      "id" : 102,
      "geometry" : {
        "type" : "Point",
        "coordinates" : [
          117.3694698432963,
          31.883633038330494
        ]
      },
      "properties" : {
        "FID" : 102,
        "Name" : "YS_BR500_Junction34_03",
        "Level" : 1,
        "BottomElev" : 26.077999999999999
      }
    },
    {
      "type" : "Feature",
      "id" : 103,
      "geometry" : {
        "type" : "Point",
        "coordinates" : [
          117.36956421849582,
          31.883297238795297
        ]
      },
      "properties" : {
        "FID" : 103,
        "Name" : "YS_BR500_Junction34_02",
        "Level" : 1,
        "BottomElev" : 26.227
      }
    },
    {
      "type" : "Feature",
      "id" : 104,
      "geometry" : {
        "type" : "Point",
        "coordinates" : [
          117.36964082541104,
          31.883014202707535
        ]
      },
      "properties" : {
        "FID" : 104,
        "Name" : "YS_BR500_Junction34_01",
        "Level" : 1,
        "BottomElev" : 26.349
      }
    },
    {
      "type" : "Feature",
      "id" : 105,
      "geometry" : {
        "type" : "Point",
        "coordinates" : [
          117.36992873168808,
          31.884222482510783
        ]
      },
      "properties" : {
        "FID" : 105,
        "Name" : "YS_BR600_Junction36_01",
        "Level" : 2,
        "BottomElev" : 25.702000000000002
      }
    },
    {
      "type" : "Feature",
      "id" : 106,
      "geometry" : {
        "type" : "Point",
        "coordinates" : [
          117.36991879849047,
          31.884019374612908
        ]
      },
      "properties" : {
        "FID" : 106,
        "Name" : "YS_MA800_Junction08_01",
        "Level" : 1,
        "BottomElev" : 25.097000000000001
      }
    },
    {
      "type" : "Feature",
      "id" : 107,
      "geometry" : {
        "type" : "Point",
        "coordinates" : [
          117.36991486288628,
          31.883944381011638
        ]
      },
      "properties" : {
        "FID" : 107,
        "Name" : "YS_BR600_Junction37_01",
        "Level" : 1,
        "BottomElev" : 25.221
      }
    },
    {
      "type" : "Feature",
      "id" : 108,
      "geometry" : {
        "type" : "Point",
        "coordinates" : [
          117.37031472066272,
          31.884033408728396
        ]
      },
      "properties" : {
        "FID" : 108,
        "Name" : "YS_MA800_Junction08_02",
        "Level" : 1,
        "BottomElev" : 24.873999999999999
      }
    },
    {
      "type" : "Feature",
      "id" : 109,
      "geometry" : {
        "type" : "Point",
        "coordinates" : [
          117.37070228130581,
          31.884039214264597
        ]
      },
      "properties" : {
        "FID" : 109,
        "Name" : "YS_MA800_Junction08_03",
        "Level" : 1,
        "BottomElev" : 24.401
      }
    },
    {
      "type" : "Feature",
      "id" : 110,
      "geometry" : {
        "type" : "Point",
        "coordinates" : [
          117.37104127713289,
          31.884251038718354
        ]
      },
      "properties" : {
        "FID" : 110,
        "Name" : "YS_BR600_Junction38_01",
        "Level" : 1,
        "BottomElev" : 24.081
      }
    },
    {
      "type" : "Feature",
      "id" : 111,
      "geometry" : {
        "type" : "Point",
        "coordinates" : [
          117.37103849135956,
          31.883962164237381
        ]
      },
      "properties" : {
        "FID" : 111,
        "Name" : "YS_BR600_Junction39_01",
        "Level" : 1,
        "BottomElev" : 24.164000000000001
      }
    },
    {
      "type" : "Feature",
      "id" : 112,
      "geometry" : {
        "type" : "Point",
        "coordinates" : [
          117.37103522248687,
          31.884045800303692
        ]
      },
      "properties" : {
        "FID" : 112,
        "Name" : "YS_MA800_Junction08_04",
        "Level" : 1,
        "BottomElev" : 23.635999999999999
      }
    },
    {
      "type" : "Feature",
      "id" : 113,
      "geometry" : {
        "type" : "Point",
        "coordinates" : [
          117.37140743028498,
          31.884055336974384
        ]
      },
      "properties" : {
        "FID" : 113,
        "Name" : "YS_MA800_Junction08_05",
        "Level" : 1,
        "BottomElev" : 23.114999999999998
      }
    },
    {
      "type" : "Feature",
      "id" : 114,
      "geometry" : {
        "type" : "Point",
        "coordinates" : [
          117.37140739757993,
          31.883894423872615
        ]
      },
      "properties" : {
        "FID" : 114,
        "Name" : " YS_BR600_Junction46_12",
        "Level" : 1,
        "BottomElev" : 25.841999999999999
      }
    },
    {
      "type" : "Feature",
      "id" : 115,
      "geometry" : {
        "type" : "Point",
        "coordinates" : [
          117.37173637898535,
          31.884065215494996
        ]
      },
      "properties" : {
        "FID" : 115,
        "Name" : "YS_MA800_Junction08_06",
        "Level" : 1,
        "BottomElev" : 22.766999999999999
      }
    },
    {
      "type" : "Feature",
      "id" : 116,
      "geometry" : {
        "type" : "Point",
        "coordinates" : [
          117.37213049725098,
          31.884072115767434
        ]
      },
      "properties" : {
        "FID" : 116,
        "Name" : "YS_MA800_Junction08_07",
        "Level" : 1,
        "BottomElev" : 22.297000000000001
      }
    },
    {
      "type" : "Feature",
      "id" : 117,
      "geometry" : {
        "type" : "Point",
        "coordinates" : [
          117.37252372642385,
          31.884083941404374
        ]
      },
      "properties" : {
        "FID" : 117,
        "Name" : "YS_MA800_Junction08_08",
        "Level" : 1,
        "BottomElev" : 21.928000000000001
      }
    },
    {
      "type" : "Feature",
      "id" : 118,
      "geometry" : {
        "type" : "Point",
        "coordinates" : [
          117.37289243235125,
          31.884095188442078
        ]
      },
      "properties" : {
        "FID" : 118,
        "Name" : "YS_MA800_Junction08_09",
        "Level" : 1,
        "BottomElev" : 20.882000000000001
      }
    },
    {
      "type" : "Feature",
      "id" : 119,
      "geometry" : {
        "type" : "Point",
        "coordinates" : [
          117.37287957031344,
          31.884313161935708
        ]
      },
      "properties" : {
        "FID" : 119,
        "Name" : "YS_BR700_Junction40_01",
        "Level" : 1,
        "BottomElev" : 21.949000000000002
      }
    },
    {
      "type" : "Feature",
      "id" : 120,
      "geometry" : {
        "type" : "Point",
        "coordinates" : [
          117.37281508891539,
          31.883998955750762
        ]
      },
      "properties" : {
        "FID" : 120,
        "Name" : "YS_BR600_Junction41_01",
        "Level" : 1,
        "BottomElev" : 22.488
      }
    },
    {
      "type" : "Feature",
      "id" : 121,
      "geometry" : {
        "type" : "Point",
        "coordinates" : [
          117.37326581256649,
          31.884101821362663
        ]
      },
      "properties" : {
        "FID" : 121,
        "Name" : "YS_MA800_Junction08_10",
        "Level" : 1,
        "BottomElev" : 21.186
      }
    },
    {
      "type" : "Feature",
      "id" : 122,
      "geometry" : {
        "type" : "Point",
        "coordinates" : [
          117.3736419110935,
          31.884108932184102
        ]
      },
      "properties" : {
        "FID" : 122,
        "Name" : "YS_MA900_Junction09_01",
        "Level" : 1,
        "BottomElev" : 20.84
      }
    },
    {
      "type" : "Feature",
      "id" : 123,
      "geometry" : {
        "type" : "Point",
        "coordinates" : [
          117.37462688139691,
          31.884152657956111
        ]
      },
      "properties" : {
        "FID" : 123,
        "Name" : "YS_MA1800_Junction05_22",
        "Level" : 1,
        "BottomElev" : 18.483000000000001
      }
    },
    {
      "type" : "Feature",
      "id" : 124,
      "geometry" : {
        "type" : "Point",
        "coordinates" : [
          117.3748714276239,
          31.884153127494496
        ]
      },
      "properties" : {
        "FID" : 124,
        "Name" : "YS_MA1800_Junction05_23",
        "Level" : 1,
        "BottomElev" : 18.334
      }
    },
    {
      "type" : "Feature",
      "id" : 125,
      "geometry" : {
        "type" : "Point",
        "coordinates" : [
          117.3748831108137,
          31.88430285059373
        ]
      },
      "properties" : {
        "FID" : 125,
        "Name" : " YS_BR500_Junction42_01",
        "Level" : 1,
        "BottomElev" : 20.225000000000001
      }
    },
    {
      "type" : "Feature",
      "id" : 126,
      "geometry" : {
        "type" : "Point",
        "coordinates" : [
          117.375125882947,
          31.884162793023368
        ]
      },
      "properties" : {
        "FID" : 126,
        "Name" : "YS_MA1800_Junction05_24",
        "Level" : 1,
        "BottomElev" : 18.300000000000001
      }
    },
    {
      "type" : "Feature",
      "id" : 127,
      "geometry" : {
        "type" : "Point",
        "coordinates" : [
          117.37515014478356,
          31.884033660829992
        ]
      },
      "properties" : {
        "FID" : 127,
        "Name" : "YS_BR600_Junction43_01",
        "Level" : 1,
        "BottomElev" : 20.062999999999999
      }
    },
    {
      "type" : "Feature",
      "id" : 128,
      "geometry" : {
        "type" : "Point",
        "coordinates" : [
          117.37559844297661,
          31.884168468060686
        ]
      },
      "properties" : {
        "FID" : 128,
        "Name" : "YS_MA1800_Junction05_25",
        "Level" : 4,
        "BottomElev" : 18.109000000000002
      }
    },
    {
      "type" : "Feature",
      "id" : 129,
      "geometry" : {
        "type" : "Point",
        "coordinates" : [
          117.37580215882237,
          31.884168740794866
        ]
      },
      "properties" : {
        "FID" : 129,
        "Name" : "YS_MA1800_Junction05_26",
        "Level" : 1,
        "BottomElev" : 18.103999999999999
      }
    },
    {
      "type" : "Feature",
      "id" : 130,
      "geometry" : {
        "type" : "Point",
        "coordinates" : [
          117.37600942270197,
          31.884170806364377
        ]
      },
      "properties" : {
        "FID" : 130,
        "Name" : "YS_MA1800_Junction05_27",
        "Level" : 1,
        "BottomElev" : 18.007000000000001
      }
    },
    {
      "type" : "Feature",
      "id" : 131,
      "geometry" : {
        "type" : "Point",
        "coordinates" : [
          117.37599158848577,
          31.884227151209959
        ]
      },
      "properties" : {
        "FID" : 131,
        "Name" : " YS_BR500_Junction44_03",
        "Level" : 1,
        "BottomElev" : 19.373999999999999
      }
    },
    {
      "type" : "Feature",
      "id" : 132,
      "geometry" : {
        "type" : "Point",
        "coordinates" : [
          117.3759922598701,
          31.884283143718825
        ]
      },
      "properties" : {
        "FID" : 132,
        "Name" : " YS_BR500_Junction44_02",
        "Level" : 1,
        "BottomElev" : 19.733000000000001
      }
    },
    {
      "type" : "Feature",
      "id" : 133,
      "geometry" : {
        "type" : "Point",
        "coordinates" : [
          117.37599820518911,
          31.88433908455578
        ]
      },
      "properties" : {
        "FID" : 133,
        "Name" : " YS_BR500_Junction44_01",
        "Level" : 1,
        "BottomElev" : 20.032
      }
    },
    {
      "type" : "Feature",
      "id" : 134,
      "geometry" : {
        "type" : "Point",
        "coordinates" : [
          117.37636974706626,
          31.884226059267373
        ]
      },
      "properties" : {
        "FID" : 134,
        "Name" : " YS_BR500_Junction44_04",
        "Level" : 1,
        "BottomElev" : 19.657
      }
    },
    {
      "type" : "Feature",
      "id" : 135,
      "geometry" : {
        "type" : "Point",
        "coordinates" : [
          117.37597938718315,
          31.883986750952609
        ]
      },
      "properties" : {
        "FID" : 135,
        "Name" : "YS_MA1800_Junction05_28",
        "Level" : 1,
        "BottomElev" : 18.585000000000001
      }
    },
    {
      "type" : "Feature",
      "id" : 136,
      "geometry" : {
        "type" : "Point",
        "coordinates" : [
          117.37643197725039,
          31.883996756618952
        ]
      },
      "properties" : {
        "FID" : 136,
        "Name" : "YS_MA1800_Junction05_29",
        "Level" : 1,
        "BottomElev" : 17.954999999999998
      }
    },
    {
      "type" : "Feature",
      "id" : 137,
      "geometry" : {
        "type" : "Point",
        "coordinates" : [
          117.37659101559994,
          31.884007342011635
        ]
      },
      "properties" : {
        "FID" : 137,
        "Name" : "YS_MA2000_Junction11_01",
        "Level" : 1,
        "BottomElev" : 18.111999999999998
      }
    },
    {
      "type" : "Feature",
      "id" : 138,
      "geometry" : {
        "type" : "Point",
        "coordinates" : [
          117.36873144448765,
          31.887389840591705
        ]
      },
      "properties" : {
        "FID" : 138,
        "Name" : "YS_BR500_Junction02_01",
        "Level" : 1,
        "BottomElev" : 26.152999999999999
      }
    }
  ]
}